timestamp,open,high,low,close,volume
2026-01-01T09:00:00,100000.00,100061.94,99970.75,100050.19,1.1937
2026-01-01T09:05:00,100050.19,100199.36,99977.74,100141.99,0.5260
2026-01-01T09:10:00,100141.99,100154.07,100101.88,100127.18,2.5762
2026-01-01T09:15:00,100127.18,100151.10,99921.15,99976.64,2.7702
2026-01-01T09:20:00,99976.64,100027.89,99835.79,99902.45,0.1318
2026-01-01T09:25:00,99902.45,100104.32,99868.63,100045.45,0.8618
2026-01-01T09:30:00,100045.45,100282.87,100028.96,100249.31,0.5739
2026-01-01T09:35:00,100249.31,100472.17,100182.81,100419.91,3.6757
2026-01-01T09:40:00,100419.91,100562.66,100383.41,100484.55,2.8050
2026-01-01T09:45:00,100484.55,100713.96,100414.23,100660.66,2.9290
2026-01-01T09:50:00,100660.66,100810.81,100634.71,100797.60,1.5180
2026-01-01T09:55:00,100797.60,100823.89,100698.11,100715.18,1.4621
2026-01-01T10:00:00,100715.18,100873.77,100679.26,100838.23,1.1266
2026-01-01T10:05:00,100838.23,100913.79,100778.30,100833.67,3.0847
2026-01-01T10:10:00,100833.67,100894.71,100778.04,100799.48,1.9593
2026-01-01T10:15:00,100799.48,101119.33,100750.49,101064.53,3.4546
2026-01-01T10:20:00,101064.53,101345.44,101038.50,101281.12,0.2573
2026-01-01T10:25:00,101281.12,101340.65,101256.35,101311.90,4.7203
2026-01-01T10:30:00,101311.90,101580.40,101256.02,101548.37,2.0386
2026-01-01T10:35:00,101548.37,101844.15,101519.83,101802.03,1.3085
2026-01-01T10:40:00,101802.03,101960.06,101751.11,101931.67,4.4993
2026-01-01T10:45:00,101931.67,102031.14,101851.84,102005.79,2.5967
2026-01-01T10:50:00,102005.79,102019.08,101953.62,101971.30,3.1745
2026-01-01T10:55:00,101971.30,102230.88,101956.85,102191.33,1.9699
2026-01-01T11:00:00,102191.33,102533.60,102113.35,102486.57,4.3178
2026-01-01T11:05:00,102486.57,102547.02,102371.00,102428.72,2.7312
2026-01-01T11:10:00,102428.72,102518.69,102410.91,102463.82,2.2303
2026-01-01T11:15:00,102463.82,102643.63,102392.51,102566.86,1.3906
2026-01-01T11:20:00,102566.86,102709.56,102492.98,102687.06,4.3655
2026-01-01T11:25:00,102687.06,102789.13,102634.43,102734.40,0.8489
2026-01-01T11:30:00,102734.40,102996.11,102669.90,102948.35,2.6987
2026-01-01T11:35:00,102948.35,102981.04,102875.82,102887.18,4.6526
2026-01-01T11:40:00,102887.18,103209.18,102855.66,103140.96,0.3838
2026-01-01T11:45:00,103140.96,103469.22,103124.97,103392.93,2.4814
2026-01-01T11:50:00,103392.93,103456.18,103288.22,103351.83,0.7291
2026-01-01T11:55:00,103351.83,103503.14,103323.28,103454.65,4.3749
2026-01-01T12:00:00,103454.65,103560.92,103406.90,103536.10,3.6767
2026-01-01T12:05:00,103536.10,103567.92,103455.03,103534.69,3.2844
2026-01-01T12:10:00,103534.69,103661.54,103516.22,103615.31,1.2010
2026-01-01T12:15:00,103615.31,103707.52,103589.20,103656.34,1.1791
2026-01-01T12:20:00,103656.34,103710.52,103571.30,103597.32,4.5366
2026-01-01T12:25:00,103597.32,103832.99,103570.66,103818.03,3.3780
2026-01-01T12:30:00,103818.03,103837.29,103726.44,103801.93,2.8981
2026-01-01T12:35:00,103801.93,103939.05,103735.40,103874.12,1.0330
2026-01-01T12:40:00,103874.12,103914.30,103766.41,103806.06,2.3884
2026-01-01T12:45:00,103806.06,104017.48,103727.17,103960.34,0.5822
2026-01-01T12:50:00,103960.34,104025.41,103890.03,103991.66,1.3184
2026-01-01T12:55:00,103991.66,104033.06,103901.31,103940.85,1.4649
2026-01-01T13:00:00,103940.85,104015.47,103864.63,103905.65,4.3206
2026-01-01T13:05:00,103905.65,103986.17,103825.70,103972.63,4.1965
2026-01-01T13:10:00,103972.63,104259.01,103903.22,104184.17,0.9149
2026-01-01T13:15:00,104184.17,104240.37,104146.09,104215.41,0.3873
2026-01-01T13:20:00,104215.41,104294.38,104173.27,104201.84,3.9419
2026-01-01T13:25:00,104201.84,104248.76,104124.83,104209.15,4.9776
2026-01-01T13:30:00,104209.15,104306.45,104188.31,104246.16,1.5539
2026-01-01T13:35:00,104246.16,104475.75,104198.20,104425.21,3.7651
2026-01-01T13:40:00,104425.21,104476.10,104224.24,104269.44,4.2783
2026-01-01T13:45:00,104269.44,104346.70,104127.50,104143.11,1.0105
2026-01-01T13:50:00,104143.11,104224.92,104116.64,104167.66,0.6874
2026-01-01T13:55:00,104167.66,104319.10,104116.04,104291.87,3.1350
2026-01-01T14:00:00,104291.87,104342.73,104193.33,104239.92,4.6801
2026-01-01T14:05:00,104239.92,104300.05,104077.37,104104.08,2.0394
2026-01-01T14:10:00,104104.08,104161.10,104071.95,104130.10,3.7841
2026-01-01T14:15:00,104130.10,104172.18,103854.23,103934.12,4.9809
2026-01-01T14:20:00,103934.12,103959.04,103703.66,103732.23,4.6730
2026-01-01T14:25:00,103732.23,103886.59,103696.36,103815.04,0.8730
2026-01-01T14:30:00,103815.04,103934.29,103762.23,103875.04,4.9374
2026-01-01T14:35:00,103875.04,103885.59,103797.45,103864.64,1.5670
2026-01-01T14:40:00,103864.64,103940.37,103832.77,103852.17,0.6656
2026-01-01T14:45:00,103852.17,103900.89,103605.09,103634.15,3.0637
2026-01-01T14:50:00,103634.15,103658.41,103576.54,103630.94,1.3935
2026-01-01T14:55:00,103630.94,103704.31,103471.26,103540.49,0.5523
2026-01-01T15:00:00,103540.49,103569.85,103411.91,103422.16,3.8785
2026-01-01T15:05:00,103422.16,103450.49,103314.60,103376.49,2.8032
2026-01-01T15:10:00,103376.49,103387.16,103236.23,103251.50,4.4272
2026-01-01T15:15:00,103251.50,103342.54,103183.08,103294.34,2.9543
2026-01-01T15:20:00,103294.34,103313.27,103030.21,103061.79,4.5050
2026-01-01T15:25:00,103061.79,103132.04,102986.62,103059.55,1.1294
2026-01-01T15:30:00,103059.55,103076.74,102793.29,102857.90,4.4323
2026-01-01T15:35:00,102857.90,102911.34,102689.60,102710.42,4.6564
2026-01-01T15:40:00,102710.42,102804.29,102643.66,102725.96,4.4189
2026-01-01T15:45:00,102725.96,102787.52,102404.32,102437.58,4.6610
2026-01-01T15:50:00,102437.58,102508.06,102361.10,102427.85,1.4073
2026-01-01T15:55:00,102427.85,102445.42,102340.87,102411.92,4.3071
2026-01-01T16:00:00,102411.92,102479.08,102149.90,102192.13,1.5954
2026-01-01T16:05:00,102192.13,102218.06,102166.80,102178.46,1.0463
2026-01-01T16:10:00,102178.46,102248.96,101919.20,101996.89,1.4677
2026-01-01T16:15:00,101996.89,102034.86,101850.02,101928.70,2.7275
2026-01-01T16:20:00,101928.70,101986.76,101850.77,101968.69,0.9750
2026-01-01T16:25:00,101968.69,102047.00,101951.10,102018.41,2.2294
2026-01-01T16:30:00,102018.41,102050.37,101933.19,101985.62,2.6060
2026-01-01T16:35:00,101985.62,102035.98,101803.46,101831.29,3.5730
2026-01-01T16:40:00,101831.29,101906.08,101493.62,101541.31,3.6252
2026-01-01T16:45:00,101541.31,101598.25,101485.09,101520.58,0.4429
2026-01-01T16:50:00,101520.58,101553.70,101442.99,101474.97,4.2553
2026-01-01T16:55:00,101474.97,101505.99,101421.10,101452.75,2.1011
2026-01-01T17:00:00,101452.75,101483.45,101301.11,101320.02,2.1602
2026-01-01T17:05:00,101320.02,101442.39,101246.82,101384.98,3.1160
2026-01-01T17:10:00,101384.98,101433.33,101214.03,101224.06,1.5059
2026-01-01T17:15:00,101224.06,101274.66,101058.33,101114.16,2.3784
2026-01-01T17:20:00,101114.16,101139.12,100970.40,101013.52,4.5158
2026-01-01T17:25:00,101013.52,101067.26,100997.59,101045.38,2.6257
2026-01-01T17:30:00,101045.38,101078.84,100956.56,101023.85,3.7806
2026-01-01T17:35:00,101023.85,101049.58,100998.28,101022.22,0.2197
2026-01-01T17:40:00,101022.22,101065.48,100802.78,100872.26,0.4569
2026-01-01T17:45:00,100872.26,100926.35,100765.67,100789.28,3.5121
2026-01-01T17:50:00,100789.28,100816.36,100685.24,100741.16,0.1272
2026-01-01T17:55:00,100741.16,100855.53,100723.70,100791.63,2.1832
2026-01-01T18:00:00,100791.63,100868.69,100595.16,100641.42,0.3461
2026-01-01T18:05:00,100641.42,100710.80,100482.10,100524.05,4.0269
2026-01-01T18:10:00,100524.05,100642.98,100472.37,100563.83,4.7552
2026-01-01T18:15:00,100563.83,100743.68,100503.48,100690.79,2.5734
2026-01-01T18:20:00,100690.79,100850.84,100617.99,100802.49,3.7439
2026-01-01T18:25:00,100802.49,100830.63,100765.42,100792.72,3.2245
2026-01-01T18:30:00,100792.72,100940.92,100738.85,100894.43,1.4455
2026-01-01T18:35:00,100894.43,100924.43,100725.97,100754.99,1.6666
2026-01-01T18:40:00,100754.99,100808.39,100728.80,100788.71,3.5004
2026-01-01T18:45:00,100788.71,100903.33,100750.18,100888.83,2.7588
2026-01-01T18:50:00,100888.83,100915.27,100849.42,100890.79,4.5337
2026-01-01T18:55:00,100890.79,101018.40,100820.82,100959.71,3.8514
2026-01-01T19:00:00,100959.71,100971.96,100925.09,100961.55,3.7920
2026-01-01T19:05:00,100961.55,101216.54,100922.22,101139.80,3.7628
2026-01-01T19:10:00,101139.80,101265.59,101114.36,101213.36,1.1752
2026-01-01T19:15:00,101213.36,101265.03,101179.84,101253.00,3.4278
2026-01-01T19:20:00,101253.00,101308.43,101210.29,101286.88,0.7254
2026-01-01T19:25:00,101286.88,101416.47,101249.30,101404.58,2.8655
2026-01-01T19:30:00,101404.58,101459.58,101293.68,101313.18,2.3623
2026-01-01T19:35:00,101313.18,101349.72,101210.21,101235.02,1.7015
2026-01-01T19:40:00,101235.02,101453.99,101172.38,101417.45,4.1764
2026-01-01T19:45:00,101417.45,101436.75,101406.09,101421.02,2.7432
2026-01-01T19:50:00,101421.02,101732.32,101365.51,101697.83,3.9280
2026-01-01T19:55:00,101697.83,101915.88,101621.35,101853.08,1.0769
2026-01-01T20:00:00,101853.08,101873.75,101765.68,101784.52,3.3803
2026-01-01T20:05:00,101784.52,101940.06,101725.56,101914.80,3.8578
2026-01-01T20:10:00,101914.80,101967.31,101842.93,101905.28,0.6612
2026-01-01T20:15:00,101905.28,102210.32,101887.71,102132.79,0.2258
2026-01-01T20:20:00,102132.79,102237.20,102055.72,102179.79,2.0436
2026-01-01T20:25:00,102179.79,102388.99,102121.45,102373.67,3.1735
2026-01-01T20:30:00,102373.67,102437.75,102278.74,102348.26,3.0420
2026-01-01T20:35:00,102348.26,102427.13,102266.01,102330.80,1.8013
2026-01-01T20:40:00,102330.80,102460.61,102285.38,102424.67,1.7720
2026-01-01T20:45:00,102424.67,102738.05,102407.28,102670.49,4.8079
2026-01-01T20:50:00,102670.49,102907.24,102610.98,102839.23,2.2339
2026-01-01T20:55:00,102839.23,103120.48,102810.32,103042.90,4.0602
2026-01-01T21:00:00,103042.90,103219.21,103002.41,103175.37,3.6820
2026-01-01T21:05:00,103175.37,103279.18,103107.22,103209.56,0.5246
2026-01-01T21:10:00,103209.56,103490.07,103167.03,103463.00,3.0906
2026-01-01T21:15:00,103463.00,103545.63,103393.44,103533.62,0.9910
2026-01-01T21:20:00,103533.62,103607.79,103499.80,103541.94,4.4136
2026-01-01T21:25:00,103541.94,103753.09,103531.23,103723.75,4.7455
2026-01-01T21:30:00,103723.75,103784.15,103636.84,103681.04,3.8150
2026-01-01T21:35:00,103681.04,103908.11,103636.69,103852.90,3.9854
2026-01-01T21:40:00,103852.90,103878.41,103747.66,103806.08,1.6004
2026-01-01T21:45:00,103806.08,103974.39,103758.92,103931.26,2.1850
2026-01-01T21:50:00,103931.26,104144.61,103872.06,104111.46,1.4275
2026-01-01T21:55:00,104111.46,104129.90,104085.70,104109.18,0.6858
2026-01-01T22:00:00,104109.18,104267.95,104086.22,104204.60,1.1603
2026-01-01T22:05:00,104204.60,104337.17,104126.23,104276.45,2.6707
2026-01-01T22:10:00,104276.45,104293.49,104247.08,104270.66,1.2147
2026-01-01T22:15:00,104270.66,104281.65,104174.78,104222.17,1.4441
2026-01-01T22:20:00,104222.17,104502.92,104163.35,104454.19,0.7188
2026-01-01T22:25:00,104454.19,104686.65,104383.10,104642.28,2.9129
2026-01-01T22:30:00,104642.28,104721.55,104619.38,104680.72,0.3517
2026-01-01T22:35:00,104680.72,104926.25,104613.17,104882.81,2.0635
2026-01-01T22:40:00,104882.81,104936.87,104752.75,104766.51,0.8311
2026-01-01T22:45:00,104766.51,104851.03,104686.93,104819.76,0.6804
2026-01-01T22:50:00,104819.76,104991.54,104754.41,104939.10,1.2059
2026-01-01T22:55:00,104939.10,105006.34,104898.11,104964.80,4.3148
2026-01-01T23:00:00,104964.80,105183.55,104911.33,105152.17,3.0872
2026-01-01T23:05:00,105152.17,105319.24,105127.63,105242.91,1.1340
2026-01-01T23:10:00,105242.91,105319.30,105220.74,105298.30,0.4678
2026-01-01T23:15:00,105298.30,105339.84,105058.68,105110.25,1.5272
2026-01-01T23:20:00,105110.25,105169.74,104938.72,104997.93,2.3248
2026-01-01T23:25:00,104997.93,105117.83,104932.78,105043.16,3.1628
2026-01-01T23:30:00,105043.16,105147.80,105003.40,105072.44,2.7684
2026-01-01T23:35:00,105072.44,105164.01,105004.58,105090.42,0.4499
2026-01-01T23:40:00,105090.42,105121.95,104866.24,104928.67,2.8891
2026-01-01T23:45:00,104928.67,104947.37,104746.68,104804.89,3.5287
2026-01-01T23:50:00,104804.89,104955.57,104760.33,104910.54,0.4942
2026-01-01T23:55:00,104910.54,104950.78,104652.74,104685.30,1.3268
2026-01-02T00:00:00,104685.30,104762.63,104404.38,104472.89,2.9185
2026-01-02T00:05:00,104472.89,104644.37,104415.83,104564.40,1.4206
2026-01-02T00:10:00,104564.40,104627.34,104279.91,104322.84,3.2924
2026-01-02T00:15:00,104322.84,104414.25,104271.87,104391.55,3.2104
2026-01-02T00:20:00,104391.55,104407.94,104268.34,104302.70,1.7332
2026-01-02T00:25:00,104302.70,104372.74,104240.47,104273.56,3.4990
2026-01-02T00:30:00,104273.56,104349.72,104035.73,104102.68,2.7955
2026-01-02T00:35:00,104102.68,104134.70,103955.21,103987.83,4.8539
2026-01-02T00:40:00,103987.83,104033.86,103771.94,103851.11,3.3225
2026-01-02T00:45:00,103851.11,103890.03,103737.75,103760.88,1.8727
2026-01-02T00:50:00,103760.88,103814.65,103681.43,103744.63,1.0974
2026-01-02T00:55:00,103744.63,103819.56,103610.44,103651.11,3.5214
2026-01-02T01:00:00,103651.11,103729.23,103348.63,103401.25,1.2726
2026-01-02T01:05:00,103401.25,103449.81,103114.07,103162.72,0.5567
2026-01-02T01:10:00,103162.72,103296.68,103120.42,103222.77,0.6756
2026-01-02T01:15:00,103222.77,103268.80,103162.61,103223.92,2.5935
2026-01-02T01:20:00,103223.92,103292.35,102944.42,103023.03,1.2943
2026-01-02T01:25:00,103023.03,103059.88,102847.11,102921.64,2.5904
2026-01-02T01:30:00,102921.64,103008.69,102892.31,102938.20,3.9710
2026-01-02T01:35:00,102938.20,103013.60,102742.26,102787.80,4.1207
2026-01-02T01:40:00,102787.80,102818.70,102539.34,102590.42,4.9946
2026-01-02T01:45:00,102590.42,102610.82,102420.74,102468.44,1.7911
2026-01-02T01:50:00,102468.44,102516.48,102328.33,102370.20,1.6767
2026-01-02T01:55:00,102370.20,102429.03,102092.84,102142.86,1.2445
2026-01-02T02:00:00,102142.86,102155.92,102066.71,102128.84,3.5556
2026-01-02T02:05:00,102128.84,102167.14,102072.38,102130.11,4.1217
2026-01-02T02:10:00,102130.11,102239.77,102117.52,102195.09,2.5612
2026-01-02T02:15:00,102195.09,102265.97,102051.31,102122.50,2.2575
2026-01-02T02:20:00,102122.50,102164.49,101969.60,102030.17,2.1089
2026-01-02T02:25:00,102030.17,102050.98,101945.05,101987.92,4.8491
2026-01-02T02:30:00,101987.92,102046.41,101780.34,101835.82,4.2736
2026-01-02T02:35:00,101835.82,101943.13,101799.22,101872.98,1.6516
2026-01-02T02:40:00,101872.98,101936.14,101795.53,101866.59,0.2759
2026-01-02T02:45:00,101866.59,101920.77,101556.46,101630.93,4.9874
2026-01-02T02:50:00,101630.93,101684.92,101614.04,101644.54,3.2054
2026-01-02T02:55:00,101644.54,101749.82,101585.96,101708.76,4.5268
2026-01-02T03:00:00,101708.76,101774.49,101450.39,101480.93,1.9367
2026-01-02T03:05:00,101480.93,101528.11,101245.05,101294.67,3.9833
2026-01-02T03:10:00,101294.67,101310.20,101052.14,101123.10,3.1366
2026-01-02T03:15:00,101123.10,101197.00,100963.08,100983.10,2.3596
2026-01-02T03:20:00,100983.10,101010.97,100843.39,100854.04,4.0427
2026-01-02T03:25:00,100854.04,101021.76,100832.99,100964.33,2.2645
2026-01-02T03:30:00,100964.33,101015.46,100826.29,100881.02,2.1791
2026-01-02T03:35:00,100881.02,100950.19,100745.92,100769.87,1.9850
2026-01-02T03:40:00,100769.87,100796.47,100699.19,100749.23,2.9166
2026-01-02T03:45:00,100749.23,100949.30,100670.77,100918.64,3.3253
2026-01-02T03:50:00,100918.64,100968.25,100778.15,100836.15,3.7489
2026-01-02T03:55:00,100836.15,100888.60,100634.41,100679.18,4.5304
2026-01-02T04:00:00,100679.18,100745.10,100561.73,100614.22,1.8264
2026-01-02T04:05:00,100614.22,100735.49,100556.78,100682.03,3.6325
2026-01-02T04:10:00,100682.03,100833.20,100628.05,100764.52,4.5267
2026-01-02T04:15:00,100764.52,100880.48,100723.66,100848.86,2.9399
2026-01-02T04:20:00,100848.86,100986.85,100818.20,100970.54,3.7627
2026-01-02T04:25:00,100970.54,100989.79,100850.31,100898.07,4.8603
2026-01-02T04:30:00,100898.07,101033.54,100829.93,100959.59,1.3592
2026-01-02T04:35:00,100959.59,101176.60,100893.14,101132.87,3.7581
2026-01-02T04:40:00,101132.87,101155.05,101055.47,101136.99,0.7897
2026-01-02T04:45:00,101136.99,101442.93,101076.30,101372.72,4.9017
2026-01-02T04:50:00,101372.72,101680.44,101337.11,101614.11,3.9743
2026-01-02T04:55:00,101614.11,101661.67,101475.64,101517.47,3.3969
2026-01-02T05:00:00,101517.47,101713.71,101449.90,101662.79,4.7074
2026-01-02T05:05:00,101662.79,101689.16,101597.99,101609.74,4.4328
2026-01-02T05:10:00,101609.74,101798.25,101584.24,101724.19,0.4098
2026-01-02T05:15:00,101724.19,102010.89,101693.03,101937.23,2.1006
2026-01-02T05:20:00,101937.23,102013.47,101876.51,101907.82,2.5139
2026-01-02T05:25:00,101907.82,101979.93,101847.09,101866.58,2.3229
2026-01-02T05:30:00,101866.58,102096.94,101790.36,102034.92,2.1537
2026-01-02T05:35:00,102034.92,102252.77,101995.88,102231.95,0.5852
2026-01-02T05:40:00,102231.95,102379.02,102155.34,102340.45,0.2603
2026-01-02T05:45:00,102340.45,102449.38,102263.91,102408.34,4.2917
2026-01-02T05:50:00,102408.34,102466.34,102332.32,102380.43,4.8914
2026-01-02T05:55:00,102380.43,102485.20,102357.15,102447.33,0.6986
2026-01-02T06:00:00,102447.33,102733.33,102390.94,102691.50,3.2444
2026-01-02T06:05:00,102691.50,102857.57,102626.42,102846.07,1.2935
2026-01-02T06:10:00,102846.07,102895.59,102816.56,102831.36,3.8493
2026-01-02T06:15:00,102831.36,102871.00,102760.48,102845.89,1.7099
2026-01-02T06:20:00,102845.89,102918.92,102828.37,102838.57,4.3062
2026-01-02T06:25:00,102838.57,102857.67,102801.93,102829.48,0.9550
2026-01-02T06:30:00,102829.48,103016.96,102818.44,103005.16,3.9709
2026-01-02T06:35:00,103005.16,103059.69,102982.96,103027.03,0.3568
2026-01-02T06:40:00,103027.03,103275.25,102964.83,103228.43,2.4336
2026-01-02T06:45:00,103228.43,103486.63,103210.79,103440.70,2.5688
2026-01-02T06:50:00,103440.70,103723.73,103375.87,103710.70,4.3482
2026-01-02T06:55:00,103710.70,103867.26,103633.22,103825.19,0.3980
2026-01-02T07:00:00,103825.19,103959.31,103767.17,103921.20,2.5023
2026-01-02T07:05:00,103921.20,104183.87,103905.54,104168.73,3.0807
2026-01-02T07:10:00,104168.73,104197.98,104054.27,104108.58,2.7869
2026-01-02T07:15:00,104108.58,104217.35,104061.44,104137.73,2.3232
2026-01-02T07:20:00,104137.73,104280.28,104078.60,104263.34,4.2787
2026-01-02T07:25:00,104263.34,104464.48,104202.88,104400.65,1.1536
2026-01-02T07:30:00,104400.65,104487.24,104366.92,104461.24,2.3221
2026-01-02T07:35:00,104461.24,104520.51,104421.37,104503.85,3.3590
2026-01-02T07:40:00,104503.85,104546.73,104429.24,104526.04,0.4290
2026-01-02T07:45:00,104526.04,104723.84,104509.28,104707.31,3.7201
2026-01-02T07:50:00,104707.31,104924.52,104656.26,104875.57,2.8518
2026-01-02T07:55:00,104875.57,104894.13,104829.54,104864.29,3.3602
2026-01-02T08:00:00,104864.29,105069.07,104803.82,104998.30,4.8452
2026-01-02T08:05:00,104998.30,105106.71,104947.85,105072.09,1.1424
2026-01-02T08:10:00,105072.09,105185.47,105054.52,105159.78,4.2423
2026-01-02T08:15:00,105159.78,105223.16,105086.69,105136.87,4.0554
2026-01-02T08:20:00,105136.87,105357.57,105069.58,105279.35,3.1065
2026-01-02T08:25:00,105279.35,105354.16,105204.31,105342.32,4.1644
2026-01-02T08:30:00,105342.32,105364.95,105204.37,105263.56,1.6140
2026-01-02T08:35:00,105263.56,105273.99,105133.29,105204.19,2.8750
2026-01-02T08:40:00,105204.19,105224.12,105105.77,105160.10,0.2502
2026-01-02T08:45:00,105160.10,105258.75,105120.71,105233.69,1.7704
2026-01-02T08:50:00,105233.69,105294.20,105100.94,105165.32,2.8812
2026-01-02T08:55:00,105165.32,105179.00,104966.77,104987.79,3.1274
2026-01-02T09:00:00,104987.79,105044.92,104931.45,105015.87,2.4797
2026-01-02T09:05:00,105015.87,105044.99,104891.28,104954.13,0.6577
2026-01-02T09:10:00,104954.13,104983.96,104824.33,104881.82,2.4845
2026-01-02T09:15:00,104881.82,104902.03,104844.15,104888.85,3.0367
2026-01-02T09:20:00,104888.85,104919.95,104627.81,104652.59,0.7725
2026-01-02T09:25:00,104652.59,104685.56,104489.30,104499.84,3.7604
2026-01-02T09:30:00,104499.84,104536.46,104253.59,104312.85,2.5513
2026-01-02T09:35:00,104312.85,104423.75,104297.80,104357.31,4.3226
2026-01-02T09:40:00,104357.31,104368.62,104037.46,104111.94,4.3243
2026-01-02T09:45:00,104111.94,104162.08,103994.13,104053.80,2.1467
2026-01-02T09:50:00,104053.80,104065.26,103792.56,103825.30,4.0265
2026-01-02T09:55:00,103825.30,103893.54,103699.20,103773.59,0.5318
2026-01-02T10:00:00,103773.59,103826.42,103722.37,103799.39,2.6674
2026-01-02T10:05:00,103799.39,103831.11,103626.21,103659.97,1.7320
2026-01-02T10:10:00,103659.97,103705.71,103417.27,103435.25,2.5988
2026-01-02T10:15:00,103435.25,103507.55,103374.33,103473.09,4.1128
2026-01-02T10:20:00,103473.09,103502.05,103452.84,103475.51,1.0666
2026-01-02T10:25:00,103475.51,103538.72,103343.13,103399.02,0.9680
2026-01-02T10:30:00,103399.02,103443.60,103319.06,103381.87,3.8234
2026-01-02T10:35:00,103381.87,103456.56,103196.94,103246.46,3.2130
2026-01-02T10:40:00,103246.46,103316.95,103119.06,103172.97,0.8397
2026-01-02T10:45:00,103172.97,103213.92,102867.11,102898.30,1.4459
2026-01-02T10:50:00,102898.30,102943.82,102586.99,102618.72,2.3144
2026-01-02T10:55:00,102618.72,102686.94,102323.83,102339.20,4.3348
2026-01-02T11:00:00,102339.20,102400.33,102293.70,102347.28,2.3673
2026-01-02T11:05:00,102347.28,102412.71,102174.85,102247.56,2.3037
2026-01-02T11:10:00,102247.56,102303.19,102208.23,102240.74,2.4306
2026-01-02T11:15:00,102240.74,102255.07,101980.73,101997.97,4.5057
2026-01-02T11:20:00,101997.97,102057.98,101780.86,101826.18,0.9455
2026-01-02T11:25:00,101826.18,101866.82,101581.17,101621.93,2.6615
2026-01-02T11:30:00,101621.93,101658.03,101358.20,101388.00,2.1030
2026-01-02T11:35:00,101388.00,101439.85,101156.17,101221.42,3.2718
2026-01-02T11:40:00,101221.42,101238.03,100902.29,100959.78,1.4923
2026-01-02T11:45:00,100959.78,101015.74,100864.86,100938.31,4.3791
2026-01-02T11:50:00,100938.31,100989.10,100760.07,100779.97,1.8141
2026-01-02T11:55:00,100779.97,100912.86,100742.53,100853.96,3.0157
2026-01-02T12:00:00,100853.96,100953.19,100817.59,100921.52,3.9791
2026-01-02T12:05:00,100921.52,101005.60,100853.50,100948.69,3.7200
2026-01-02T12:10:00,100948.69,100995.54,100879.44,100934.66,2.1747
2026-01-02T12:15:00,100934.66,100970.05,100786.58,100809.20,1.1495
2026-01-02T12:20:00,100809.20,100943.96,100783.34,100899.92,0.7741
2026-01-02T12:25:00,100899.92,100969.03,100665.68,100682.76,3.8773
2026-01-02T12:30:00,100682.76,100816.03,100670.12,100744.17,1.7501
2026-01-02T12:35:00,100744.17,100805.87,100707.80,100786.70,0.8950
2026-01-02T12:40:00,100786.70,100922.67,100720.07,100858.69,0.9111
2026-01-02T12:45:00,100858.69,100897.45,100737.81,100795.15,1.2639
2026-01-02T12:50:00,100795.15,100825.10,100677.89,100740.29,2.2997
2026-01-02T12:55:00,100740.29,100771.95,100657.59,100724.19,2.3982
2026-01-02T13:00:00,100724.19,100858.76,100647.89,100823.01,4.9238
2026-01-02T13:05:00,100823.01,100852.73,100757.24,100793.97,2.6846
2026-01-02T13:10:00,100793.97,101020.41,100727.89,100953.23,0.7782
2026-01-02T13:15:00,100953.23,101008.11,100790.09,100861.28,2.8172
2026-01-02T13:20:00,100861.28,100930.49,100653.35,100722.93,1.4968
2026-01-02T13:25:00,100722.93,100858.12,100649.56,100829.02,0.8220
2026-01-02T13:30:00,100829.02,100905.27,100798.96,100824.50,2.3105
2026-01-02T13:35:00,100824.50,100836.36,100781.17,100794.89,2.5598
2026-01-02T13:40:00,100794.89,100874.51,100694.56,100730.80,0.2381
2026-01-02T13:45:00,100730.80,100992.06,100675.31,100923.32,3.9778
2026-01-02T13:50:00,100923.32,100953.40,100768.46,100836.55,3.5108
2026-01-02T13:55:00,100836.55,100895.94,100714.94,100756.34,0.1257
2026-01-02T14:00:00,100756.34,100784.26,100592.23,100660.68,2.7891
2026-01-02T14:05:00,100660.68,100851.06,100642.90,100804.11,1.5117
2026-01-02T14:10:00,100804.11,100817.45,100760.39,100799.78,3.9901
2026-01-02T14:15:00,100799.78,100874.76,100726.42,100857.00,3.0240
2026-01-02T14:20:00,100857.00,100903.08,100733.84,100760.77,0.8035
2026-01-02T14:25:00,100760.77,100871.14,100733.94,100818.11,2.1412
2026-01-02T14:30:00,100818.11,100980.77,100739.88,100964.78,0.4316
2026-01-02T14:35:00,100964.78,101111.60,100885.60,101066.09,2.8153
2026-01-02T14:40:00,101066.09,101165.63,101011.59,101122.72,4.9071
2026-01-02T14:45:00,101122.72,101145.08,101057.52,101133.94,1.7895
2026-01-02T14:50:00,101133.94,101375.23,101069.94,101321.25,3.7024
2026-01-02T14:55:00,101321.25,101380.73,101273.03,101367.62,4.0862
2026-01-02T15:00:00,101367.62,101432.16,101317.68,101360.21,3.5074
2026-01-02T15:05:00,101360.21,101586.54,101345.79,101519.74,3.9033
2026-01-02T15:10:00,101519.74,101649.35,101506.67,101618.81,1.0774
2026-01-02T15:15:00,101618.81,101694.14,101523.98,101570.05,4.9467
2026-01-02T15:20:00,101570.05,101730.93,101507.32,101703.20,1.0364
2026-01-02T15:25:00,101703.20,101835.15,101632.59,101770.49,1.7264
2026-01-02T15:30:00,101770.49,101806.25,101682.58,101754.85,3.7422
2026-01-02T15:35:00,101754.85,102053.92,101676.69,102016.86,2.5314
2026-01-02T15:40:00,102016.86,102210.63,101970.51,102135.93,4.0256
2026-01-02T15:45:00,102135.93,102352.82,102083.76,102337.30,4.1295
2026-01-02T15:50:00,102337.30,102505.06,102321.69,102472.58,3.3385
2026-01-02T15:55:00,102472.58,102572.92,102432.75,102520.74,3.4798
2026-01-02T16:00:00,102520.74,102596.64,102449.83,102583.67,1.8275
2026-01-02T16:05:00,102583.67,102906.80,102505.07,102877.58,4.7447
2026-01-02T16:10:00,102877.58,102932.21,102801.58,102837.01,4.0254
2026-01-02T16:15:00,102837.01,103088.21,102817.02,103011.51,3.0771
2026-01-02T16:20:00,103011.51,103232.29,102996.80,103219.85,3.9147
2026-01-02T16:25:00,103219.85,103312.42,103170.14,103275.62,3.0650
2026-01-02T16:30:00,103275.62,103516.90,103239.58,103440.48,3.8391
2026-01-02T16:35:00,103440.48,103610.75,103402.62,103563.69,3.2828
2026-01-02T16:40:00,103563.69,103583.98,103502.19,103566.04,2.5453
2026-01-02T16:45:00,103566.04,103662.78,103537.72,103613.46,1.3754
2026-01-02T16:50:00,103613.46,103757.31,103583.47,103677.56,4.5907
2026-01-02T16:55:00,103677.56,103771.50,103607.86,103752.92,2.3150
2026-01-02T17:00:00,103752.92,104010.97,103736.77,103969.81,3.4415
2026-01-02T17:05:00,103969.81,104194.55,103935.49,104162.18,0.4182
2026-01-02T17:10:00,104162.18,104312.14,104092.58,104239.75,3.5879
2026-01-02T17:15:00,104239.75,104504.82,104174.19,104450.18,2.5929
2026-01-02T17:20:00,104450.18,104474.25,104344.78,104364.50,3.9728
2026-01-02T17:25:00,104364.50,104413.29,104202.66,104238.48,4.0379
2026-01-02T17:30:00,104238.48,104348.17,104222.45,104295.33,1.6155
2026-01-02T17:35:00,104295.33,104567.39,104248.53,104507.07,3.8689
2026-01-02T17:40:00,104507.07,104664.05,104429.00,104648.88,3.2475
2026-01-02T17:45:00,104648.88,104707.34,104614.77,104649.73,4.4020
2026-01-02T17:50:00,104649.73,104817.66,104627.00,104762.88,4.8347
2026-01-02T17:55:00,104762.88,104836.63,104730.34,104744.22,0.7084
2026-01-02T18:00:00,104744.22,104765.75,104585.66,104618.25,3.5757
2026-01-02T18:05:00,104618.25,104694.11,104482.45,104555.09,4.2451
2026-01-02T18:10:00,104555.09,104609.54,104402.39,104450.95,0.7133
2026-01-02T18:15:00,104450.95,104498.29,104313.83,104359.01,0.9263
2026-01-02T18:20:00,104359.01,104511.30,104302.90,104490.51,3.6311
2026-01-02T18:25:00,104490.51,104563.41,104441.05,104494.43,4.1437
2026-01-02T18:30:00,104494.43,104507.61,104229.48,104284.38,2.9262
2026-01-02T18:35:00,104284.38,104355.99,104245.22,104292.30,3.2311
2026-01-02T18:40:00,104292.30,104346.21,104208.77,104239.05,4.7876
2026-01-02T18:45:00,104239.05,104305.37,104116.50,104174.45,1.5574
2026-01-02T18:50:00,104174.45,104188.64,103915.75,103956.53,2.4728
2026-01-02T18:55:00,103956.53,104008.99,103748.37,103780.25,3.6200
2026-01-02T19:00:00,103780.25,103859.78,103701.98,103789.53,0.7408
2026-01-02T19:05:00,103789.53,103838.85,103630.47,103662.80,2.3857
2026-01-02T19:10:00,103662.80,103690.16,103477.36,103494.14,1.5220
2026-01-02T19:15:00,103494.14,103547.21,103335.52,103362.90,4.3400
2026-01-02T19:20:00,103362.90,103395.82,103096.12,103146.56,1.6323
2026-01-02T19:25:00,103146.56,103191.44,103097.41,103143.44,2.5439
2026-01-02T19:30:00,103143.44,103155.07,102896.81,102972.97,2.5767
2026-01-02T19:35:00,102972.97,103061.10,102938.27,103036.04,0.3476
2026-01-02T19:40:00,103036.04,103107.80,102870.39,102926.19,2.4059
2026-01-02T19:45:00,102926.19,102995.49,102788.49,102828.65,4.4240
2026-01-02T19:50:00,102828.65,102892.12,102761.80,102797.41,2.0628
2026-01-02T19:55:00,102797.41,102821.04,102658.80,102707.53,0.4603
2026-01-02T20:00:00,102707.53,102771.04,102562.60,102592.18,4.9465
2026-01-02T20:05:00,102592.18,102610.50,102460.66,102538.92,2.0301
2026-01-02T20:10:00,102538.92,102572.65,102450.18,102525.91,3.7993
2026-01-02T20:15:00,102525.91,102571.55,102252.79,102297.80,0.3220
2026-01-02T20:20:00,102297.80,102331.11,102003.97,102047.14,2.3392
2026-01-02T20:25:00,102047.14,102093.22,101932.58,101965.53,3.1040
2026-01-02T20:30:00,101965.53,102044.88,101662.94,101724.69,1.5662
2026-01-02T20:35:00,101724.69,101792.67,101500.06,101547.32,3.5728
2026-01-02T20:40:00,101547.32,101614.43,101322.25,101358.03,3.4017
2026-01-02T20:45:00,101358.03,101466.05,101292.26,101415.19,3.6541
2026-01-02T20:50:00,101415.19,101427.05,101326.02,101369.24,4.8386
2026-01-02T20:55:00,101369.24,101433.57,101309.32,101359.76,3.6349
2026-01-02T21:00:00,101359.76,101381.69,101227.13,101281.16,3.1367
2026-01-02T21:05:00,101281.16,101318.65,101223.51,101298.30,0.2547
2026-01-02T21:10:00,101298.30,101374.99,101286.98,101357.30,1.6371
2026-01-02T21:15:00,101357.30,101415.64,101094.37,101133.10,3.8974
2026-01-02T21:20:00,101133.10,101260.80,101071.59,101189.71,0.4052
2026-01-02T21:25:00,101189.71,101214.22,100936.12,100968.87,3.3449
2026-01-02T21:30:00,100968.87,101000.83,100869.89,100892.01,4.5694
2026-01-02T21:35:00,100892.01,100926.81,100689.95,100753.99,3.6325
2026-01-02T21:40:00,100753.99,100812.52,100676.65,100729.36,1.0421
2026-01-02T21:45:00,100729.36,100778.42,100541.40,100567.14,4.8673
2026-01-02T21:50:00,100567.14,100597.37,100404.29,100428.80,3.5544
2026-01-02T21:55:00,100428.80,100463.22,100227.78,100303.14,3.9975
2026-01-02T22:00:00,100303.14,100321.67,100110.30,100167.66,1.9605
2026-01-02T22:05:00,100167.66,100359.91,100090.84,100292.63,4.0426
2026-01-02T22:10:00,100292.63,100322.76,100115.49,100175.48,1.7972
2026-01-02T22:15:00,100175.48,100203.43,100075.81,100119.34,1.0901
2026-01-02T22:20:00,100119.34,100194.66,100045.53,100104.26,0.7726
2026-01-02T22:25:00,100104.26,100174.52,100077.29,100123.44,3.3822
2026-01-02T22:30:00,100123.44,100178.10,100105.06,100118.73,2.1252
2026-01-02T22:35:00,100118.73,100204.77,100054.78,100187.73,0.1254
2026-01-02T22:40:00,100187.73,100278.30,100149.24,100203.26,4.6817
2026-01-02T22:45:00,100203.26,100386.98,100179.30,100343.55,4.8232
2026-01-02T22:50:00,100343.55,100398.77,100216.34,100289.90,0.5384
2026-01-02T22:55:00,100289.90,100381.39,100229.28,100333.93,4.6897
2026-01-02T23:00:00,100333.93,100528.86,100262.17,100506.60,0.9614
2026-01-02T23:05:00,100506.60,100767.88,100468.81,100688.07,2.5274
2026-01-02T23:10:00,100688.07,100959.40,100613.25,100882.05,4.3960
2026-01-02T23:15:00,100882.05,100931.81,100730.97,100748.48,4.9167
2026-01-02T23:20:00,100748.48,100827.71,100672.13,100720.16,2.5202
2026-01-02T23:25:00,100720.16,101002.85,100677.40,100933.28,1.0448
2026-01-02T23:30:00,100933.28,100954.65,100812.78,100854.90,1.3606
2026-01-02T23:35:00,100854.90,100916.47,100743.29,100808.65,2.8821
2026-01-02T23:40:00,100808.65,100995.70,100738.72,100973.42,4.4955
2026-01-02T23:45:00,100973.42,101214.56,100957.34,101168.49,3.3794
2026-01-02T23:50:00,101168.49,101188.34,101104.70,101137.35,1.3154
2026-01-02T23:55:00,101137.35,101164.77,101074.59,101138.29,4.7748
2026-01-03T00:00:00,101138.29,101219.10,101127.49,101158.49,3.3030
2026-01-03T00:05:00,101158.49,101337.92,101140.22,101323.57,1.6034
2026-01-03T00:10:00,101323.57,101434.24,101250.91,101389.07,3.5474
2026-01-03T00:15:00,101389.07,101442.36,101314.94,101424.14,1.5457
2026-01-03T00:20:00,101424.14,101597.11,101404.79,101571.77,0.8506
2026-01-03T00:25:00,101571.77,101822.64,101532.66,101770.24,2.7912
2026-01-03T00:30:00,101770.24,101919.24,101713.75,101871.61,1.1702
2026-01-03T00:35:00,101871.61,101957.64,101800.49,101894.80,0.5012
2026-01-03T00:40:00,101894.80,102050.89,101879.34,101991.63,2.8644
2026-01-03T00:45:00,101991.63,102039.96,101906.00,101951.38,2.9062
2026-01-03T00:50:00,101951.38,101984.35,101897.60,101944.02,0.6696
2026-01-03T00:55:00,101944.02,102008.27,101927.65,101957.45,2.6008
2026-01-03T01:00:00,101957.45,102230.24,101911.53,102188.50,2.3383
2026-01-03T01:05:00,102188.50,102230.87,102082.78,102149.26,3.6441
2026-01-03T01:10:00,102149.26,102298.63,102087.06,102231.48,2.9337
2026-01-03T01:15:00,102231.48,102265.59,102172.31,102186.77,4.9712
2026-01-03T01:20:00,102186.77,102476.00,102111.41,102461.16,0.2555
2026-01-03T01:25:00,102461.16,102608.72,102397.56,102544.89,4.8938
2026-01-03T01:30:00,102544.89,102751.60,102465.39,102712.17,1.9742
2026-01-03T01:35:00,102712.17,103031.35,102675.88,102957.88,3.4454
2026-01-03T01:40:00,102957.88,103174.04,102902.13,103126.29,1.8041
2026-01-03T01:45:00,103126.29,103173.90,103070.88,103117.90,3.6665
2026-01-03T01:50:00,103117.90,103132.53,103106.31,103122.29,1.5620
2026-01-03T01:55:00,103122.29,103333.61,103075.05,103285.50,4.1345
2026-01-03T02:00:00,103285.50,103325.81,103256.21,103291.58,4.6933
2026-01-03T02:05:00,103291.58,103483.39,103224.92,103465.50,2.1543
2026-01-03T02:10:00,103465.50,103721.68,103454.40,103649.82,1.1098
2026-01-03T02:15:00,103649.82,103662.17,103538.20,103590.05,3.5461
2026-01-03T02:20:00,103590.05,103651.89,103468.43,103506.59,1.2483
2026-01-03T02:25:00,103506.59,103577.05,103464.73,103478.68,2.5691
2026-01-03T02:30:00,103478.68,103545.79,103410.13,103471.33,1.6626
2026-01-03T02:35:00,103471.33,103626.60,103438.89,103569.52,1.5786
